dataset,sample_index,qid,type,question,gold,prediction,em,f1,system_gap_type,system_chain_complete,gold_entity_coverage,gold_pair_recall,gold_relation_recall,gold_pair_complete,gold_nodes_connected,reader_support_title_recall,reader_evidence_entity_coverage,matched_gold_entities,missing_gold_entities,gold_evidences,strict_chain_judge,support_sufficiency_judge,conservative_meta_judge,majority_adjudication,match_votes,mismatch_votes,ambiguous_votes,adjudicated_correct,adjudication_confidence,primary_disagreement,rationale
2wiki,1,0290cd840baf11ebab90acde48001122,inference,"Who is Donnchadh Iv, Earl Of Fife's father-in-law?",Ralph de Monthermer,Ralph de Monthermer,1.0,1.0,complete,True,1.0,0.5,0.0,False,False,1.0,1.0,"Donnchadh IV, Earl of Fife | Mary de Monthermer | Ralph de Monthermer",,"Donnchadh IV, Earl of Fife --spouse--> Mary de Monthermer | Mary de Monthermer --father--> Ralph de Monthermer",mismatch,match,ambiguous,ambiguous,1,1,1,False,low,True,"strict_chain_reviewer=mismatch: The system marked complete, but the saved KG does not contain a complete connected gold-evidence chain. || support_sufficiency_reviewer=match: Reader-visible support is sufficient and either the answer or gold-pair proxy supports completeness. || conservative_meta_reviewer=ambiguous: The answer is good, but the KG gold-chain proxy is incomplete."
2wiki,2,05c81d7a0bde11eba7f7acde48001122,compositional,What is the place of birth of the director of film Claustrophobia (2003 Film)?,Danvers,"Danvers, Massachusetts, U.S",0.0,0.5,complete,True,0.6666666666666666,0.5,0.0,False,False,1.0,1.0,Claustrophobia | Mark Tapio Kines,Danvers,Claustrophobia --director--> Mark Tapio Kines | Mark Tapio Kines --place of birth--> Danvers,mismatch,ambiguous,mismatch,mismatch,0,2,1,False,medium,True,"strict_chain_reviewer=mismatch: The system marked complete, but the saved KG does not contain a complete connected gold-evidence chain. || support_sufficiency_reviewer=ambiguous: Reader support is incomplete or answer quality is low, so completeness is not semantically certain. || conservative_meta_reviewer=mismatch: A complete label is too strong when answer/support evidence is weak."
2wiki,3,07fd4f9b088011ebbd6cac1f6bf848b6,comparison,"Which film was released earlier, Cloud Dancer or Ingmar'S Inheritance?",Ingmar'S Inheritance,Ingmar'S Inheritance,1.0,1.0,complete,True,0.6,0.0,0.0,False,False,1.0,1.0,Cloud Dancer | Ingmar'S Inheritance | Ingmar's Inheritance,1925 | 1980,Cloud Dancer --publication date--> 1980 | Ingmar's Inheritance --publication date--> 1925,mismatch,match,ambiguous,ambiguous,1,1,1,False,low,True,"strict_chain_reviewer=mismatch: The system marked complete, but the saved KG does not contain a complete connected gold-evidence chain. || support_sufficiency_reviewer=match: Reader-visible support is sufficient and either the answer or gold-pair proxy supports completeness. || conservative_meta_reviewer=ambiguous: The answer is good, but the KG gold-chain proxy is incomplete."
2wiki,4,086e57720bdb11eba7f7acde48001122,compositional,What nationality is Julia Parker (Astrologer)'s husband?,British,British,1.0,1.0,complete,True,0.6666666666666666,0.5,0.0,False,False,1.0,1.0,Derek Parker | Julia Parker,British,Julia Parker --spouse--> Derek Parker | Derek Parker --country of citizenship--> British,mismatch,match,ambiguous,ambiguous,1,1,1,False,low,True,"strict_chain_reviewer=mismatch: The system marked complete, but the saved KG does not contain a complete connected gold-evidence chain. || support_sufficiency_reviewer=match: Reader-visible support is sufficient and either the answer or gold-pair proxy supports completeness. || conservative_meta_reviewer=ambiguous: The answer is good, but the KG gold-chain proxy is incomplete."
2wiki,5,143e7bfe0bdb11eba7f7acde48001122,compositional,Where was the father of R. Whidden Ganong born?,"St. Stephen, New Brunswick",St. Stephen,0.0,0.6667,complete,True,1.0,0.5,0.0,False,True,1.0,1.0,"Arthur D. Ganong | Rendol Whidden Ganong | St. Stephen, New Brunswick",,"Rendol Whidden Ganong --father--> Arthur D. Ganong | Arthur D. Ganong --place of birth--> St. Stephen, New Brunswick",mismatch,ambiguous,mismatch,mismatch,0,2,1,False,medium,True,"strict_chain_reviewer=mismatch: The system marked complete, but the saved KG does not contain a complete connected gold-evidence chain. || support_sufficiency_reviewer=ambiguous: Reader support is incomplete or answer quality is low, so completeness is not semantically certain. || conservative_meta_reviewer=mismatch: A complete label is too strong when answer/support evidence is weak."
2wiki,6,1815632c0bdc11eba7f7acde48001122,compositional,Which country the director of film Vendetta (1986 Film) is from?,New Zealand,United States,0.0,0.0,complete,True,0.6666666666666666,0.5,0.0,False,False,1.0,1.0,Bruce Logan | Vendetta,New Zealand,Vendetta --director--> Bruce Logan | Bruce Logan --country of citizenship--> New Zealand,mismatch,ambiguous,mismatch,mismatch,0,2,1,False,medium,True,"strict_chain_reviewer=mismatch: The system marked complete, but the saved KG does not contain a complete connected gold-evidence chain. || support_sufficiency_reviewer=ambiguous: Reader support is incomplete or answer quality is low, so completeness is not semantically certain. || conservative_meta_reviewer=mismatch: A complete label is too strong when answer/support evidence is weak."
2wiki,7,277abef40bda11eba7f7acde48001122,compositional,What is the date of death of Vlatko Vuković's father?,1359,1359,1.0,1.0,complete,True,0.6666666666666666,0.0,0.0,False,False,1.0,1.0,1359 | Vlatko Vuković,Vuk Kosača,Vlatko Vuković --father--> Vuk Kosača | Vuk Kosača --date of death--> 1359,mismatch,match,ambiguous,ambiguous,1,1,1,False,low,True,"strict_chain_reviewer=mismatch: The system marked complete, but the saved KG does not contain a complete connected gold-evidence chain. || support_sufficiency_reviewer=match: Reader-visible support is sufficient and either the answer or gold-pair proxy supports completeness. || conservative_meta_reviewer=ambiguous: The answer is good, but the KG gold-chain proxy is incomplete."
2wiki,8,3bd5e3b00bda11eba7f7acde48001122,compositional,When did Augustus Henry Seward's mother die?,"June 21, 1865","June 21, 1865",1.0,1.0,complete,True,0.6666666666666666,0.5,0.5,False,False,1.0,1.0,Augustus Henry Seward | Frances Adeline Seward,"June 21, 1865","Augustus Henry Seward --mother--> Frances Adeline Seward | Frances Adeline Seward --date of death--> June 21, 1865",mismatch,match,ambiguous,ambiguous,1,1,1,False,low,True,"strict_chain_reviewer=mismatch: The system marked complete, but the saved KG does not contain a complete connected gold-evidence chain. || support_sufficiency_reviewer=match: Reader-visible support is sufficient and either the answer or gold-pair proxy supports completeness. || conservative_meta_reviewer=ambiguous: The answer is good, but the KG gold-chain proxy is incomplete."
2wiki,9,53e18b8c0bb011ebab90acde48001122,inference,"Who is Ailwyn Fellowes, 1St Baron Ailwyn's paternal grandfather?",William Henry Fellowes,William Henry Fellowes,1.0,1.0,complete,True,0.6666666666666666,0.5,0.0,False,False,1.0,1.0,Edward Fellowes | William Henry Fellowes, Ailwyn, Ailwyn --father--> Edward Fellowes | Edward Fellowes --father--> William Henry Fellowes,mismatch,match,ambiguous,ambiguous,1,1,1,False,low,True,"strict_chain_reviewer=mismatch: The system marked complete, but the saved KG does not contain a complete connected gold-evidence chain. || support_sufficiency_reviewer=match: Reader-visible support is sufficient and either the answer or gold-pair proxy supports completeness. || conservative_meta_reviewer=ambiguous: The answer is good, but the KG gold-chain proxy is incomplete."
2wiki,10,60f247280bdb11eba7f7acde48001122,compositional,What is the place of birth of the director of film Yoogan?,Kovilpatti,Kovilpatti,1.0,1.0,complete,True,1.0,1.0,0.0,True,True,1.0,1.0,Kamal G | Kovilpatti | Yoogan,,Yoogan --director--> Kamal G | Kamal G --place of birth--> Kovilpatti,match,match,match,match,3,0,0,True,high,False,strict_chain_reviewer=match: Gold evidence endpoint pairs are complete and their matched nodes are connected. || support_sufficiency_reviewer=match: Reader-visible support is sufficient and either the answer or gold-pair proxy supports completeness. || conservative_meta_reviewer=match: Answer and support visibility are strong enough to accept the complete label as reviewer-facing.
2wiki,11,680863e20bdd11eba7f7acde48001122,compositional,Where was the place of death of the director of film Sensational Janine?,Gräfelfing,"Gräfelfing, Bavaria",0.0,0.6667,complete,True,0.6666666666666666,0.5,0.0,False,False,1.0,1.0,Hans Billian | Sensational Janine,Gräfelfing,Sensational Janine --director--> Hans Billian | Hans Billian --place of death--> Gräfelfing,mismatch,ambiguous,mismatch,mismatch,0,2,1,False,medium,True,"strict_chain_reviewer=mismatch: The system marked complete, but the saved KG does not contain a complete connected gold-evidence chain. || support_sufficiency_reviewer=ambiguous: Reader support is incomplete or answer quality is low, so completeness is not semantically certain. || conservative_meta_reviewer=mismatch: A complete label is too strong when answer/support evidence is weak."
2wiki,12,6c9b4c03086911ebbd5eac1f6bf848b6,comparison,Did Dwight Harwood and Velvet (Singer) have the same nationality?,no,no,1.0,1.0,complete,True,0.0,0.0,0.0,False,False,1.0,0.6,,American | Dwight Harwood | Sweden | Velvet (singer) | no,Dwight Harwood --country of citizenship--> American | Velvet (singer) --country of citizenship--> Sweden,mismatch,ambiguous,ambiguous,ambiguous,0,1,2,False,medium,True,"strict_chain_reviewer=mismatch: The system marked complete, but the saved KG does not contain a complete connected gold-evidence chain. || support_sufficiency_reviewer=ambiguous: Reader support is incomplete or answer quality is low, so completeness is not semantically certain. || conservative_meta_reviewer=ambiguous: The answer is good, but the KG gold-chain proxy is incomplete."
2wiki,13,77bf469e0bdc11eba7f7acde48001122,compositional,Where was the director of film Mark (Film) born?,Toronto,Canada,0.0,0.0,complete,True,0.6666666666666666,0.5,0.0,False,False,1.0,1.0,Mark | Mike Hoolboom,Toronto,Mark --director--> Mike Hoolboom | Mike Hoolboom --place of birth--> Toronto,mismatch,ambiguous,mismatch,mismatch,0,2,1,False,medium,True,"strict_chain_reviewer=mismatch: The system marked complete, but the saved KG does not contain a complete connected gold-evidence chain. || support_sufficiency_reviewer=ambiguous: Reader support is incomplete or answer quality is low, so completeness is not semantically certain. || conservative_meta_reviewer=mismatch: A complete label is too strong when answer/support evidence is weak."
2wiki,14,7e815a440bdc11eba7f7acde48001122,compositional,Who is the spouse of the performer of song Missing My Baby?,Chris Pérez,based,0.0,0.0,complete,True,0.6666666666666666,0.0,0.0,False,False,1.0,1.0,Missing My Baby | Selena,Chris Pérez,Missing My Baby --performer--> Selena | Selena --spouse--> Chris Pérez,mismatch,ambiguous,mismatch,mismatch,0,2,1,False,medium,True,"strict_chain_reviewer=mismatch: The system marked complete, but the saved KG does not contain a complete connected gold-evidence chain. || support_sufficiency_reviewer=ambiguous: Reader support is incomplete or answer quality is low, so completeness is not semantically certain. || conservative_meta_reviewer=mismatch: A complete label is too strong when answer/support evidence is weak."
2wiki,15,80774c5508f911ebbdaaac1f6bf848b6,comparison,"Which magazine came out first, Tit-Bits or Illustreret Nyhedsblad?",Illustreret Nyhedsblad,Illustreret Nyhedsblad,1.0,1.0,complete,True,0.5,0.0,0.0,False,False,1.0,1.0,Illustreret Nyhedsblad | Tit-Bits,1851 | 1881,Tit-Bits --inception--> 1881 | Illustreret Nyhedsblad --inception--> 1851,mismatch,match,ambiguous,ambiguous,1,1,1,False,low,True,"strict_chain_reviewer=mismatch: The system marked complete, but the saved KG does not contain a complete connected gold-evidence chain. || support_sufficiency_reviewer=match: Reader-visible support is sufficient and either the answer or gold-pair proxy supports completeness. || conservative_meta_reviewer=ambiguous: The answer is good, but the KG gold-chain proxy is incomplete."
2wiki,16,84cf37580bb011ebab90acde48001122,inference,"Who is John George Ii, Duke Of Saxe-Eisenach's father-in-law?","Eberhard III, Duke of Württemberg",Eberhard III,0.0,0.5714,complete,True,1.0,1.0,0.0,True,True,1.0,0.6666666666666666,"Eberhard III, Duke of Württemberg | Johann Georg II, Duke of Saxe-Eisenach | Sophie Charlotte of Württemberg",,"Johann Georg II, Duke of Saxe-Eisenach --spouse--> Sophie Charlotte of Württemberg | Sophie Charlotte of Württemberg --father--> Eberhard III, Duke of Württemberg",match,ambiguous,mismatch,ambiguous,1,1,1,False,low,True,"strict_chain_reviewer=match: Gold evidence endpoint pairs are complete and their matched nodes are connected. || support_sufficiency_reviewer=ambiguous: Reader support is incomplete or answer quality is low, so completeness is not semantically certain. || conservative_meta_reviewer=mismatch: A complete label is too strong when answer/support evidence is weak."
2wiki,17,8531b4a0089a11ebbd77ac1f6bf848b6,bridge_comparison,"Which film whose director is younger, Sujon Sokhi or Two Thousand Maniacs!?",Sujon Sokhi,Sujon Sokhi,1.0,1.0,complete,True,1.0,1.0,0.0,True,False,1.0,1.0,"11 December 1928 | Herschell Gordon Lewis | June 15, 1926 | Khan Ataur Rahman | Sujon Sokhi | Two Thousand Maniacs!",,"Sujon Sokhi --director--> Khan Ataur Rahman | Two Thousand Maniacs! --director--> Herschell Gordon Lewis | Khan Ataur Rahman --date of birth--> 11 December 1928 | Herschell Gordon Lewis --date of birth--> June 15, 1926",mismatch,match,match,match,2,1,0,True,medium,True,"strict_chain_reviewer=mismatch: The system marked complete, but the saved KG does not contain a complete connected gold-evidence chain. || support_sufficiency_reviewer=match: Reader-visible support is sufficient and either the answer or gold-pair proxy supports completeness. || conservative_meta_reviewer=match: Answer and support visibility are strong enough to accept the complete label as reviewer-facing."
2wiki,18,8ee8432c0bda11eba7f7acde48001122,compositional,When did Cristina Rodríguez (Noble)'s father die?,10 July 1099,10 July 1099,1.0,1.0,complete,True,0.6666666666666666,0.5,0.0,False,False,1.0,1.0,Cristina Rodríguez | El Cid,10 July 1099,Cristina Rodríguez --father--> El Cid | El Cid --date of death--> 10 July 1099,mismatch,match,ambiguous,ambiguous,1,1,1,False,low,True,"strict_chain_reviewer=mismatch: The system marked complete, but the saved KG does not contain a complete connected gold-evidence chain. || support_sufficiency_reviewer=match: Reader-visible support is sufficient and either the answer or gold-pair proxy supports completeness. || conservative_meta_reviewer=ambiguous: The answer is good, but the KG gold-chain proxy is incomplete."
2wiki,19,90d48f160bd911eba7f7acde48001122,compositional,Who is the spouse of the director of film Shaadi Ka Laddoo?,Mandira Bedi,Mandira Bedi,1.0,1.0,complete,True,1.0,1.0,0.0,True,True,1.0,1.0,Mandira Bedi | Raj Kaushal | Shaadi Ka Laddoo,,Shaadi Ka Laddoo --director--> Raj Kaushal | Raj Kaushal --spouse--> Mandira Bedi,match,match,match,match,3,0,0,True,high,False,strict_chain_reviewer=match: Gold evidence endpoint pairs are complete and their matched nodes are connected. || support_sufficiency_reviewer=match: Reader-visible support is sufficient and either the answer or gold-pair proxy supports completeness. || conservative_meta_reviewer=match: Answer and support visibility are strong enough to accept the complete label as reviewer-facing.
2wiki,20,9cf73a920bdd11eba7f7acde48001122,compositional,What is the place of birth of Patricia Kennedy Lawford's father?,Boston,"East Boston, Massachusetts",0.0,0.5,complete,True,0.3333333333333333,0.0,0.0,False,False,1.0,1.0,Patricia Helen Kennedy Lawford,Boston | Joseph P. Kennedy,Patricia Helen Kennedy Lawford --father--> Joseph P. Kennedy | Joseph P. Kennedy --place of birth--> Boston,mismatch,ambiguous,mismatch,mismatch,0,2,1,False,medium,True,"strict_chain_reviewer=mismatch: The system marked complete, but the saved KG does not contain a complete connected gold-evidence chain. || support_sufficiency_reviewer=ambiguous: Reader support is incomplete or answer quality is low, so completeness is not semantically certain. || conservative_meta_reviewer=mismatch: A complete label is too strong when answer/support evidence is weak."
2wiki,21,a07044500bda11eba7f7acde48001122,compositional,Where was the place of burial of Michael Wayne's father?,California,Not specified,0.0,0.0,complete,True,0.6666666666666666,0.0,0.0,False,False,1.0,1.0,John Wayne | Michael Wayne,California,Michael Wayne --father--> John Wayne | John Wayne --place of burial--> California,mismatch,ambiguous,mismatch,mismatch,0,2,1,False,medium,True,"strict_chain_reviewer=mismatch: The system marked complete, but the saved KG does not contain a complete connected gold-evidence chain. || support_sufficiency_reviewer=ambiguous: Reader support is incomplete or answer quality is low, so completeness is not semantically certain. || conservative_meta_reviewer=mismatch: A complete label is too strong when answer/support evidence is weak."
2wiki,22,ab1d47a108d211ebbd96ac1f6bf848b6,comparison,Are both Caracu River and South Fork Rogue River located in the same country?,no,no,1.0,1.0,complete,True,0.4,0.0,0.0,False,False,1.0,1.0,Caracu River | South Fork Rogue River,Brazil | U.S. | no,Caracu River --country--> Brazil | South Fork Rogue River --country--> U.S.,mismatch,match,ambiguous,ambiguous,1,1,1,False,low,True,"strict_chain_reviewer=mismatch: The system marked complete, but the saved KG does not contain a complete connected gold-evidence chain. || support_sufficiency_reviewer=match: Reader-visible support is sufficient and either the answer or gold-pair proxy supports completeness. || conservative_meta_reviewer=ambiguous: The answer is good, but the KG gold-chain proxy is incomplete."
2wiki,23,afbfedfc08c411ebbd8eac1f6bf848b6,comparison,"Who died earlier, Gunnar Kulldorff or Gordon Gibson Sr.?",Gordon Gibson Sr.,Gordon Gibson Sr,1.0,1.0,complete,True,0.75,0.5,0.0,False,False,1.0,1.0,25 June 2015 | Gordon Gibson Sr. | Gunnar Kulldorff,"July 17, 1986","Gunnar Kulldorff --date of death--> 25 June 2015 | Gordon Gibson Sr. --date of death--> July 17, 1986",mismatch,match,ambiguous,ambiguous,1,1,1,False,low,True,"strict_chain_reviewer=mismatch: The system marked complete, but the saved KG does not contain a complete connected gold-evidence chain. || support_sufficiency_reviewer=match: Reader-visible support is sufficient and either the answer or gold-pair proxy supports completeness. || conservative_meta_reviewer=ambiguous: The answer is good, but the KG gold-chain proxy is incomplete."
2wiki,24,c289098a0bdc11eba7f7acde48001122,compositional,What is the place of birth of the director of film My Country'S Wings?,Valparaíso,"Valparaíso, Chile",0.0,0.6667,complete,True,0.6666666666666666,0.5,0.0,False,False,1.0,1.0,Carlos F. Borcosque | My Country's Wings,Valparaíso,My Country's Wings --director--> Carlos F. Borcosque | Carlos F. Borcosque --place of birth--> Valparaíso,mismatch,ambiguous,mismatch,mismatch,0,2,1,False,medium,True,"strict_chain_reviewer=mismatch: The system marked complete, but the saved KG does not contain a complete connected gold-evidence chain. || support_sufficiency_reviewer=ambiguous: Reader support is incomplete or answer quality is low, so completeness is not semantically certain. || conservative_meta_reviewer=mismatch: A complete label is too strong when answer/support evidence is weak."
2wiki,25,c30906a60bd911eba7f7acde48001122,compositional,"Which country the director of film Yes, My Love is from?",Argentina,Mexico,0.0,0.0,complete,True,1.0,0.5,0.0,False,True,1.0,1.0,"Argentina | Fernando Méndez | Yes, My Love",,"Yes, My Love --director--> Fernando Méndez | Fernando Méndez --country of citizenship--> Argentina",mismatch,ambiguous,mismatch,mismatch,0,2,1,False,medium,True,"strict_chain_reviewer=mismatch: The system marked complete, but the saved KG does not contain a complete connected gold-evidence chain. || support_sufficiency_reviewer=ambiguous: Reader support is incomplete or answer quality is low, so completeness is not semantically certain. || conservative_meta_reviewer=mismatch: A complete label is too strong when answer/support evidence is weak."
2wiki,26,ce9cda1608a111ebbd79ac1f6bf848b6,comparison,"Which film was released first, My Friend Pinto or Vindhyarani?",Vindhyarani,Vindhyarani,1.0,1.0,complete,True,0.5,0.0,0.0,False,False,1.0,1.0,My Friend Pinto | Vindhyarani,1948 | 2011,My Friend Pinto --publication date--> 2011 | Vindhyarani --publication date--> 1948,mismatch,match,ambiguous,ambiguous,1,1,1,False,low,True,"strict_chain_reviewer=mismatch: The system marked complete, but the saved KG does not contain a complete connected gold-evidence chain. || support_sufficiency_reviewer=match: Reader-visible support is sufficient and either the answer or gold-pair proxy supports completeness. || conservative_meta_reviewer=ambiguous: The answer is good, but the KG gold-chain proxy is incomplete."
2wiki,27,ceadeee60bdd11eba7f7acde48001122,compositional,What nationality is the director of film Una Luz En Mi Camino?,Chilean,Chilean,1.0,1.0,complete,True,0.6666666666666666,0.5,0.0,False,False,1.0,1.0,José Bohr | Una luz en mi camino,Chilean,Una luz en mi camino --director--> José Bohr | José Bohr --country of citizenship--> Chilean,mismatch,match,ambiguous,ambiguous,1,1,1,False,low,True,"strict_chain_reviewer=mismatch: The system marked complete, but the saved KG does not contain a complete connected gold-evidence chain. || support_sufficiency_reviewer=match: Reader-visible support is sufficient and either the answer or gold-pair proxy supports completeness. || conservative_meta_reviewer=ambiguous: The answer is good, but the KG gold-chain proxy is incomplete."
2wiki,28,d17b3e17085511ebbd59ac1f6bf848b6,comparison,Who was born first out of Nikolajs Maskaļenko and Brodie Van Wagenen?,Brodie Van Wagenen,California. Brodie Van Wagenen,0.0,0.8571,complete,True,1.0,1.0,0.0,True,False,1.0,1.0,"11 February 1993 | Brodie Van Wagenen | March 9, 1974 | Nikolajs Maskaļenko",,"Nikolajs Maskaļenko --date of birth--> 11 February 1993 | Brodie Van Wagenen --date of birth--> March 9, 1974",mismatch,match,match,match,2,1,0,True,medium,True,"strict_chain_reviewer=mismatch: The system marked complete, but the saved KG does not contain a complete connected gold-evidence chain. || support_sufficiency_reviewer=match: Reader-visible support is sufficient and either the answer or gold-pair proxy supports completeness. || conservative_meta_reviewer=match: Answer and support visibility are strong enough to accept the complete label as reviewer-facing."
2wiki,29,d18d25fa084f11ebbd56ac1f6bf848b6,bridge_comparison,"Which film has the director died first, Köpekler Adası or Twisted Mistress?",Twisted Mistress,Twisted Mistress,1.0,1.0,complete,True,0.6666666666666666,0.5,0.0,False,False,1.0,1.0,André Cayatte | Halit Refiğ | Köpekler Adası | Twisted Mistress,11 October 2009 | 6 February 1989,Köpekler Adası --director--> Halit Refiğ | Twisted Mistress --director--> André Cayatte | Halit Refiğ --date of death--> 11 October 2009 | André Cayatte --date of death--> 6 February 1989,mismatch,match,ambiguous,ambiguous,1,1,1,False,low,True,"strict_chain_reviewer=mismatch: The system marked complete, but the saved KG does not contain a complete connected gold-evidence chain. || support_sufficiency_reviewer=match: Reader-visible support is sufficient and either the answer or gold-pair proxy supports completeness. || conservative_meta_reviewer=ambiguous: The answer is good, but the KG gold-chain proxy is incomplete."
2wiki,30,d2781aee086611ebbd5eac1f6bf848b6,comparison,Are The Malfated and The Fabulous Thunderbirds both from the same country?,no,no,1.0,1.0,complete,True,0.4,0.0,0.0,False,False,1.0,1.0,The Fabulous Thunderbirds | The Malfated,American | British | no,The Malfated --country of origin--> British | The Fabulous Thunderbirds --country of origin--> American,mismatch,match,ambiguous,ambiguous,1,1,1,False,low,True,"strict_chain_reviewer=mismatch: The system marked complete, but the saved KG does not contain a complete connected gold-evidence chain. || support_sufficiency_reviewer=match: Reader-visible support is sufficient and either the answer or gold-pair proxy supports completeness. || conservative_meta_reviewer=ambiguous: The answer is good, but the KG gold-chain proxy is incomplete."
2wiki,31,dfe5c5e8088211ebbd6dac1f6bf848b6,comparison,"Who was born later, Jean-Jacques Rousseau or Richard Cawley?",Richard Cawley,Richard Cawley,1.0,1.0,complete,True,1.0,1.0,0.0,True,False,1.0,0.75,28 June 1712 | 28 May 1947 | Jean-Jacques Rousseau | Richard Cawley,,Jean-Jacques Rousseau --date of birth--> 28 June 1712 | Richard Cawley --date of birth--> 28 May 1947,mismatch,ambiguous,match,ambiguous,1,1,1,False,low,True,"strict_chain_reviewer=mismatch: The system marked complete, but the saved KG does not contain a complete connected gold-evidence chain. || support_sufficiency_reviewer=ambiguous: Reader support is incomplete or answer quality is low, so completeness is not semantically certain. || conservative_meta_reviewer=match: Answer and support visibility are strong enough to accept the complete label as reviewer-facing."
2wiki,32,e715b66708be11ebbd8aac1f6bf848b6,comparison,Did Larry Godfrey and Barbara Strang share the same nationality?,yes,yes,1.0,1.0,complete,True,0.5,0.5,0.0,False,False,1.0,0.5,Barbara Strang | British,Larry Godfrey | yes,Larry Godfrey --country of citizenship--> British | Barbara Strang --country of citizenship--> British,mismatch,ambiguous,ambiguous,ambiguous,0,1,2,False,medium,True,"strict_chain_reviewer=mismatch: The system marked complete, but the saved KG does not contain a complete connected gold-evidence chain. || support_sufficiency_reviewer=ambiguous: Reader support is incomplete or answer quality is low, so completeness is not semantically certain. || conservative_meta_reviewer=ambiguous: The answer is good, but the KG gold-chain proxy is incomplete."
2wiki,33,efa871c8085611ebbd59ac1f6bf848b6,comparison,Are Nastia Liukin and Alice Gerstenberg both from the same country?,yes,yes,1.0,1.0,complete,True,0.25,0.0,0.0,False,False,1.0,0.5,Nastia Liukin,Alice Gerstenberg | American | yes,Nastia Liukin --country of citizenship--> American | Alice Gerstenberg --country of citizenship--> American,mismatch,ambiguous,ambiguous,ambiguous,0,1,2,False,medium,True,"strict_chain_reviewer=mismatch: The system marked complete, but the saved KG does not contain a complete connected gold-evidence chain. || support_sufficiency_reviewer=ambiguous: Reader support is incomplete or answer quality is low, so completeness is not semantically certain. || conservative_meta_reviewer=ambiguous: The answer is good, but the KG gold-chain proxy is incomplete."
2wiki,34,fbef09ef089511ebbd75ac1f6bf848b6,bridge_comparison,"Which film has the director died later, The Big Cube or Rangila Ratan?",Rangila Ratan,Rangila Ratan,1.0,1.0,complete,True,0.7142857142857143,0.75,0.0,False,False,1.0,0.8571428571428571,21 March 1985 | Rangila Ratan | S. Ramanathan | The Big Cube | Tito Davison,9 January 2013 | S. Ramanathan (film director),The Big Cube --director--> Tito Davison | Rangila Ratan --director--> S. Ramanathan | Tito Davison --date of death--> 21 March 1985 | S. Ramanathan (film director) --date of death--> 9 January 2013,mismatch,ambiguous,ambiguous,ambiguous,0,1,2,False,medium,True,"strict_chain_reviewer=mismatch: The system marked complete, but the saved KG does not contain a complete connected gold-evidence chain. || support_sufficiency_reviewer=ambiguous: Reader support is incomplete or answer quality is low, so completeness is not semantically certain. || conservative_meta_reviewer=ambiguous: The answer is good, but the KG gold-chain proxy is incomplete."
2wiki,35,0dc3d0280bde11eba7f7acde48001122,compositional,Which country Behter's father is from?,Khamag Mongol,Mongolia,0.0,0.0,disconnected,False,0.6666666666666666,0.5,0.0,False,False,1.0,1.0,Behter | Yesugei,Khamag Mongol,Behter --father--> Yesugei | Yesugei --country of citizenship--> Khamag Mongol,mismatch,ambiguous,ambiguous,ambiguous,0,1,2,False,medium,True,"strict_chain_reviewer=mismatch: The gold proxy does not show present-but-disconnected gold evidence nodes. || support_sufficiency_reviewer=ambiguous: The label points to a graph connection problem, but support-level evidence is not decisive. || conservative_meta_reviewer=ambiguous: The disconnected label is plausible but not cleanly confirmed by the gold proxy."
2wiki,36,1a3535d20bdd11eba7f7acde48001122,compositional,Which award the composer of film Howrah Bridge (Film) earned?,Filmfare Award,Filmfare Award,1.0,1.0,disconnected,False,0.6666666666666666,0.5,0.0,False,False,1.0,1.0,Howrah Bridge | O. P. Nayyar,Filmfare Award,Howrah Bridge --composer--> O. P. Nayyar | O. P. Nayyar --award received--> Filmfare Award,mismatch,ambiguous,ambiguous,ambiguous,0,1,2,False,medium,True,"strict_chain_reviewer=mismatch: The gold proxy does not show present-but-disconnected gold evidence nodes. || support_sufficiency_reviewer=ambiguous: The label points to a graph connection problem, but support-level evidence is not decisive. || conservative_meta_reviewer=ambiguous: The disconnected label is plausible but not cleanly confirmed by the gold proxy."
2wiki,37,3004bc240bde11eba7f7acde48001122,compositional,Which country the director of film Black Panthers (Film) is from?,French,Belgium,0.0,0.0,disconnected,False,0.6666666666666666,0.5,0.0,False,False,1.0,1.0,Agnès Varda | Black Panthers,French,Black Panthers --director--> Agnès Varda | Agnès Varda --country of citizenship--> French,mismatch,ambiguous,ambiguous,ambiguous,0,1,2,False,medium,True,"strict_chain_reviewer=mismatch: The gold proxy does not show present-but-disconnected gold evidence nodes. || support_sufficiency_reviewer=ambiguous: The label points to a graph connection problem, but support-level evidence is not decisive. || conservative_meta_reviewer=ambiguous: The disconnected label is plausible but not cleanly confirmed by the gold proxy."
2wiki,38,69ef20980bdc11eba7f7acde48001122,compositional,Where was the director of film The Planet (Film) born?,Bollnäs,Bollnäs,1.0,1.0,disconnected,False,1.0,0.5,0.0,False,False,1.0,1.0,Bollnäs | Johan Söderberg | The Planet,,The Planet --director--> Johan Söderberg | Johan Söderberg --place of birth--> Bollnäs,match,match,match,match,3,0,0,True,high,False,"strict_chain_reviewer=match: Gold evidence entities are present but their matched nodes are not connected. || support_sufficiency_reviewer=match: Gold entities are present, but gold evidence pairs are incomplete. || conservative_meta_reviewer=match: All gold entities are present but graph connectivity or relation semantics remain incomplete."
2wiki,39,6d68448a0bdb11eba7f7acde48001122,compositional,Which award the performer of song Constantemente Mía got?,Sanremo Music Festival,Sanremo Music Festival,1.0,1.0,disconnected,False,1.0,1.0,0.0,True,True,1.0,1.0,Constantemente Mía | Il Volo | Sanremo Music Festival,,Constantemente Mía --performer--> Il Volo | Il Volo --award received--> Sanremo Music Festival,ambiguous,ambiguous,match,ambiguous,1,0,2,False,medium,True,"strict_chain_reviewer=ambiguous: Endpoint pairs exist, but relation semantics are incomplete; this may be a coarse disconnected label. || support_sufficiency_reviewer=ambiguous: The label points to a graph connection problem, but support-level evidence is not decisive. || conservative_meta_reviewer=match: All gold entities are present but graph connectivity or relation semantics remain incomplete."
2wiki,40,6de887fc0bdc11eba7f7acde48001122,compositional,Where was the composer of film Post Master born?,Karnataka,India,0.0,0.0,disconnected,False,0.6666666666666666,0.5,0.0,False,False,1.0,1.0,Post Master | Vijaya Bhaskar,Karnataka,Post Master --composer--> Vijaya Bhaskar | Vijaya Bhaskar --place of birth--> Karnataka,mismatch,ambiguous,ambiguous,ambiguous,0,1,2,False,medium,True,"strict_chain_reviewer=mismatch: The gold proxy does not show present-but-disconnected gold evidence nodes. || support_sufficiency_reviewer=ambiguous: The label points to a graph connection problem, but support-level evidence is not decisive. || conservative_meta_reviewer=ambiguous: The disconnected label is plausible but not cleanly confirmed by the gold proxy."
2wiki,41,91edc89c0bdc11eba7f7acde48001122,compositional,Where does the founder of Les Films Du Losange work at?,Cahiers du cinéma,Les films du losange,0.0,0.2857,disconnected,False,1.0,1.0,0.5,True,True,1.0,1.0,Cahiers du cinéma | Les films du losange | Éric Rohmer,,Les films du losange --founded by--> Éric Rohmer | Éric Rohmer --employer--> Cahiers du cinéma,ambiguous,ambiguous,match,ambiguous,1,0,2,False,medium,True,"strict_chain_reviewer=ambiguous: Endpoint pairs exist, but relation semantics are incomplete; this may be a coarse disconnected label. || support_sufficiency_reviewer=ambiguous: The label points to a graph connection problem, but support-level evidence is not decisive. || conservative_meta_reviewer=match: All gold entities are present but graph connectivity or relation semantics remain incomplete."
2wiki,42,b7afade20bdd11eba7f7acde48001122,compositional,"Which country the performer of song Gå Och Göm Dig, Åke Tråk is from?",Sweden,Sweden,1.0,1.0,disconnected,False,1.0,1.0,0.0,True,True,1.0,1.0,"Gå och göm dig, Åke Tråk | Mona Wessman | Sweden",,"Gå och göm dig, Åke Tråk --performer--> Mona Wessman | Mona Wessman --country of citizenship--> Sweden",ambiguous,ambiguous,match,ambiguous,1,0,2,False,medium,True,"strict_chain_reviewer=ambiguous: Endpoint pairs exist, but relation semantics are incomplete; this may be a coarse disconnected label. || support_sufficiency_reviewer=ambiguous: The label points to a graph connection problem, but support-level evidence is not decisive. || conservative_meta_reviewer=match: All gold entities are present but graph connectivity or relation semantics remain incomplete."
2wiki,43,cd0964240bda11eba7f7acde48001122,compositional,Where was the place of burial of Marie-Louise Loubet's husband?,Montélimar,Montélimar,1.0,1.0,disconnected,False,0.6666666666666666,0.5,0.0,False,False,1.0,1.0,Marie-Louise Loubet | Émile Loubet,Montélimar,Marie-Louise Loubet --spouse--> Émile Loubet | Émile Loubet --place of burial--> Montélimar,mismatch,ambiguous,ambiguous,ambiguous,0,1,2,False,medium,True,"strict_chain_reviewer=mismatch: The gold proxy does not show present-but-disconnected gold evidence nodes. || support_sufficiency_reviewer=ambiguous: The label points to a graph connection problem, but support-level evidence is not decisive. || conservative_meta_reviewer=ambiguous: The disconnected label is plausible but not cleanly confirmed by the gold proxy."
2wiki,44,f1c093bc0bdc11eba7f7acde48001122,compositional,Where was the director of film Everybody'S Woman born?,Saarbrücken,Germany,0.0,0.0,disconnected,False,1.0,0.5,0.0,False,True,1.0,1.0,Everybody's Woman | Max Ophüls | Saarbrücken,,Everybody's Woman --director--> Max Ophüls | Max Ophüls --place of birth--> Saarbrücken,mismatch,match,match,match,2,1,0,True,medium,True,"strict_chain_reviewer=mismatch: The gold proxy does not show present-but-disconnected gold evidence nodes. || support_sufficiency_reviewer=match: Gold entities are present, but gold evidence pairs are incomplete. || conservative_meta_reviewer=match: All gold entities are present but graph connectivity or relation semantics remain incomplete."
2wiki,45,fa5c2aa80bdd11eba7f7acde48001122,compositional,Where did the composer of film Rajaratha graduate from?,Vidya Vikas Institute of Engineering & Technology (VVIET),Vidya Vikas Institute,0.0,0.6,disconnected,False,1.0,1.0,0.0,True,True,1.0,1.0,Anup Bhandari | Rajaratha | Vidya Vikas Institute of Engineering & Technology (VVIET),,Rajaratha --composer--> Anup Bhandari | Anup Bhandari --educated at--> Vidya Vikas Institute of Engineering & Technology (VVIET),ambiguous,ambiguous,match,ambiguous,1,0,2,False,medium,True,"strict_chain_reviewer=ambiguous: Endpoint pairs exist, but relation semantics are incomplete; this may be a coarse disconnected label. || support_sufficiency_reviewer=ambiguous: The label points to a graph connection problem, but support-level evidence is not decisive. || conservative_meta_reviewer=match: All gold entities are present but graph connectivity or relation semantics remain incomplete."
2wiki,46,0083038e0bde11eba7f7acde48001122,compositional,Where did Prince Ferdinand Of Bavaria's mother die?,Munich,Schloss Nymphenburg,0.0,0.0,missing_entities,False,1.0,1.0,0.5,True,True,1.0,1.0,Infanta María de la Paz of Spain | Infante Ferdinand of Bavaria | Munich,,Infante Ferdinand of Bavaria --mother--> Infanta María de la Paz of Spain | Infanta María de la Paz of Spain --place of death--> Munich,mismatch,mismatch,ambiguous,mismatch,0,2,1,False,medium,True,"strict_chain_reviewer=mismatch: Gold evidence entities are covered, so a missing-entity label is not supported by the gold proxy. || support_sufficiency_reviewer=mismatch: The saved KG covers gold entities despite the missing-entity label. || conservative_meta_reviewer=ambiguous: The label may reflect system-query entities rather than gold evidence entities."
2wiki,47,00efceca0bb011ebab90acde48001122,inference,"Who is the father of George, Emperor Of Trebizond?",Manuel I of Trebizond,Emperor Manuel I,0.0,0.5714,missing_entities,False,0.6666666666666666,0.0,0.0,False,False,1.0,0.6666666666666666,"George, Emperor of Trebizond | Irene Syrikaina",Manuel I of Trebizond,"George, Emperor of Trebizond --mother--> Irene Syrikaina | Irene Syrikaina --spouse--> Manuel I of Trebizond",match,ambiguous,match,match,2,0,1,True,medium,True,"strict_chain_reviewer=match: At least one gold evidence entity is missing from the saved KG. || support_sufficiency_reviewer=ambiguous: Reader-visible support is incomplete, so the missing-entity diagnosis cannot be isolated to the KG. || conservative_meta_reviewer=match: Missing gold entities coincide with incomplete gold-pair coverage."
2wiki,48,01eaac71085c11ebbd5cac1f6bf848b6,bridge_comparison,"Which film has the director who was born later, The Ghosts Of Berkeley Square or Hello Caesar!?",The Ghosts Of Berkeley Square,The Ghosts Of Berkeley Square,1.0,1.0,missing_entities,False,0.8571428571428571,0.75,0.0,False,False,1.0,1.0,7 November 1888 | Hello Caesar! | Reinhold Schünzel | The Ghosts Of Berkeley Square | The Ghosts of Berkeley Square | Vernon Sewell,4 July 1903,The Ghosts of Berkeley Square --director--> Vernon Sewell | Hello Caesar! --director--> Reinhold Schünzel | Vernon Sewell --date of birth--> 4 July 1903 | Reinhold Schünzel --date of birth--> 7 November 1888,match,match,match,match,3,0,0,True,high,False,"strict_chain_reviewer=match: At least one gold evidence entity is missing from the saved KG. || support_sufficiency_reviewer=match: The full context contains the support, but the saved KG misses at least one gold entity. || conservative_meta_reviewer=match: Missing gold entities coincide with incomplete gold-pair coverage."
2wiki,49,063270da08af11ebbd83ac1f6bf848b6,bridge_comparison,"Which film has the director who was born later, Attack Of Life: The Bang Tango Movie or King Kong (2005 Film)?",Attack Of Life: The Bang Tango Movie,Attack Of Life: The Bang Tango Movie,1.0,1.0,missing_entities,False,0.8571428571428571,0.5,0.0,False,False,1.0,0.8333333333333334,"31 October 1961 | Attack Of Life: The Bang Tango Movie | Attack of Life: The Bang Tango Movie | Drew Fortier | July 14, 1987 | Peter Jackson",King Kong (2005 film),"Attack of Life: The Bang Tango Movie --director--> Drew Fortier | King Kong (2005 film) --director--> Peter Jackson | Drew Fortier --date of birth--> July 14, 1987 | Peter Jackson --date of birth--> 31 October 1961",match,ambiguous,match,match,2,0,1,True,medium,True,"strict_chain_reviewer=match: At least one gold evidence entity is missing from the saved KG. || support_sufficiency_reviewer=ambiguous: Reader-visible support is incomplete, so the missing-entity diagnosis cannot be isolated to the KG. || conservative_meta_reviewer=match: Missing gold entities coincide with incomplete gold-pair coverage."
2wiki,50,0a9f880a0bda11eba7f7acde48001122,compositional,Who is the spouse of the director of film The Dressmaker From Paris?,Jean Harlow,Jean Harlow,1.0,1.0,missing_entities,False,1.0,1.0,0.0,True,True,1.0,1.0,Jean Harlow | Paul Bern | The Dressmaker from Paris,,The Dressmaker from Paris --director--> Paul Bern | Paul Bern --spouse--> Jean Harlow,mismatch,mismatch,ambiguous,mismatch,0,2,1,False,medium,True,"strict_chain_reviewer=mismatch: Gold evidence entities are covered, so a missing-entity label is not supported by the gold proxy. || support_sufficiency_reviewer=mismatch: The saved KG covers gold entities despite the missing-entity label. || conservative_meta_reviewer=ambiguous: The label may reflect system-query entities rather than gold evidence entities."
2wiki,51,20806979089c11ebbd78ac1f6bf848b6,bridge_comparison,"Which film has the director who was born later, Aloha, Bobby And Rose or The Elusive Avengers?","Aloha, Bobby And Rose","Aloha, Bobby And Rose",1.0,1.0,missing_entities,False,0.8571428571428571,0.75,0.25,False,False,1.0,1.0,"Aloha, Bobby And Rose | Aloha, Bobby and Rose | Edmond Keosayan | Floyd Mutrux | June 21, 1941 | The Elusive Avengers",9 October 1936,"Aloha, Bobby and Rose --director--> Floyd Mutrux | The Elusive Avengers --director--> Edmond Keosayan | Floyd Mutrux --date of birth--> June 21, 1941 | Edmond Keosayan --date of birth--> 9 October 1936",match,match,match,match,3,0,0,True,high,False,"strict_chain_reviewer=match: At least one gold evidence entity is missing from the saved KG. || support_sufficiency_reviewer=match: The full context contains the support, but the saved KG misses at least one gold entity. || conservative_meta_reviewer=match: Missing gold entities coincide with incomplete gold-pair coverage."
2wiki,52,237d904a0bdc11eba7f7acde48001122,compositional,Where was the mother of Maria Of Jülich-Berg born?,Ansbach,Ansbach,1.0,1.0,missing_entities,False,1.0,1.0,0.0,True,True,1.0,1.0,Ansbach | Maria of Jülich-Berg | Sibylle of Brandenburg,,Maria of Jülich-Berg --mother--> Sibylle of Brandenburg | Sibylle of Brandenburg --place of birth--> Ansbach,mismatch,mismatch,ambiguous,mismatch,0,2,1,False,medium,True,"strict_chain_reviewer=mismatch: Gold evidence entities are covered, so a missing-entity label is not supported by the gold proxy. || support_sufficiency_reviewer=mismatch: The saved KG covers gold entities despite the missing-entity label. || conservative_meta_reviewer=ambiguous: The label may reflect system-query entities rather than gold evidence entities."
2wiki,53,3641d5c60bda11eba7f7acde48001122,compositional,"Where was the place of burial of Ælfgar, Earl Of Mercia's mother?",Coventry,Not specified,0.0,0.0,missing_entities,False,1.0,0.5,0.0,False,False,1.0,1.0,Coventry | Godgifu | Ælfgar,,Ælfgar --mother--> Godgifu | Godgifu --place of burial--> Coventry,mismatch,mismatch,ambiguous,mismatch,0,2,1,False,medium,True,"strict_chain_reviewer=mismatch: Gold evidence entities are covered, so a missing-entity label is not supported by the gold proxy. || support_sufficiency_reviewer=mismatch: The saved KG covers gold entities despite the missing-entity label. || conservative_meta_reviewer=ambiguous: The label may reflect system-query entities rather than gold evidence entities."
2wiki,54,36ba28ed089611ebbd76ac1f6bf848b6,comparison,Are Four Eyed Monsters and Joseph And The Amazing Technicolor Dreamcoat (Film) from the same country?,no,no,1.0,1.0,missing_entities,False,0.4,0.0,0.0,False,False,1.0,0.8,Four Eyed Monsters | Joseph and the Amazing Technicolor Dreamcoat (film),American | British | no,Four Eyed Monsters --country of origin--> American | Joseph and the Amazing Technicolor Dreamcoat (film) --country of origin--> British,match,ambiguous,match,match,2,0,1,True,medium,True,"strict_chain_reviewer=match: At least one gold evidence entity is missing from the saved KG. || support_sufficiency_reviewer=ambiguous: Reader-visible support is incomplete, so the missing-entity diagnosis cannot be isolated to the KG. || conservative_meta_reviewer=match: Missing gold entities coincide with incomplete gold-pair coverage."
2wiki,55,38056cd40bde11eba7f7acde48001122,compositional,"When did Thomas Knox, 3Rd Earl Of Ranfurly's father die?",21 March 1858,21 March 1858,1.0,1.0,missing_entities,False,1.0,0.0,0.0,False,True,1.0,1.0,"21 March 1858 | Thomas Knox, 3rd Earl of Ranfurly | Viscount Northland",,"Thomas Knox, 3rd Earl of Ranfurly --father--> Viscount Northland | Viscount Northland --date of death--> 21 March 1858",mismatch,mismatch,ambiguous,mismatch,0,2,1,False,medium,True,"strict_chain_reviewer=mismatch: Gold evidence entities are covered, so a missing-entity label is not supported by the gold proxy. || support_sufficiency_reviewer=mismatch: The saved KG covers gold entities despite the missing-entity label. || conservative_meta_reviewer=ambiguous: The label may reflect system-query entities rather than gold evidence entities."
2wiki,56,385457c20bde11eba7f7acde48001122,compositional,"When was Charles, Grand Duke Of Baden's father born?",14 February 1755,未提及,0.0,0.0,missing_entities,False,0.75,0.5,0.5,False,False,1.0,1.0,"14 February 1755 | Charles Louis, Hereditary Prince of Baden | Charles, Grand Duke of Baden",Karl Ludwig,"Charles, Grand Duke of Baden --father--> Karl Ludwig | Charles Louis, Hereditary Prince of Baden --date of birth--> 14 February 1755",match,match,match,match,3,0,0,True,high,False,"strict_chain_reviewer=match: At least one gold evidence entity is missing from the saved KG. || support_sufficiency_reviewer=match: The full context contains the support, but the saved KG misses at least one gold entity. || conservative_meta_reviewer=match: Missing gold entities coincide with incomplete gold-pair coverage."
2wiki,57,3c9020cd097811ebbdb0ac1f6bf848b6,comparison,"Which film was released more recently, Paul Temple'S Triumph or The Quick And The Undead?",The Quick And The Undead,The Quick And The Undead,1.0,1.0,missing_entities,False,0.6,0.0,0.0,False,False,1.0,1.0,Paul Temple's Triumph | The Quick And The Undead | The Quick and the Undead,1950 | 2006,Paul Temple's Triumph --publication date--> 1950 | The Quick and the Undead --publication date--> 2006,match,match,match,match,3,0,0,True,high,False,"strict_chain_reviewer=match: At least one gold evidence entity is missing from the saved KG. || support_sufficiency_reviewer=match: The full context contains the support, but the saved KG misses at least one gold entity. || conservative_meta_reviewer=match: Missing gold entities coincide with incomplete gold-pair coverage."
2wiki,58,57c03881088f11ebbd72ac1f6bf848b6,bridge_comparison,"Which film has the director who was born first, The Girl In 419 or Dunked In The Deep?",The Girl In 419,The Girl In 419,1.0,1.0,missing_entities,False,0.8571428571428571,0.75,0.0,False,False,1.0,1.0,17 September 1900 | Alexander Hall | Dunked in the Deep | Jules White | The Girl In 419 | The Girl in 419,"January 11, 1894","The Girl in 419 --director--> Alexander Hall | Dunked in the Deep --director--> Jules White | Alexander Hall --date of birth--> January 11, 1894 | Jules White --date of birth--> 17 September 1900",match,match,match,match,3,0,0,True,high,False,"strict_chain_reviewer=match: At least one gold evidence entity is missing from the saved KG. || support_sufficiency_reviewer=match: The full context contains the support, but the saved KG misses at least one gold entity. || conservative_meta_reviewer=match: Missing gold entities coincide with incomplete gold-pair coverage."
2wiki,59,5df2d970087a11ebbd67ac1f6bf848b6,bridge_comparison,"Which film has the director who was born later, Three Kinds Of Heat or Stop The Wedding?",Stop The Wedding,Stop The Wedding,1.0,1.0,missing_entities,False,0.8571428571428571,0.75,0.0,False,False,1.0,1.0,"Anne Wheeler | Leslie Stevens | September 23, 1946 | Stop The Wedding | Stop the Wedding | Three Kinds of Heat","February 3, 1924","Three Kinds of Heat --director--> Leslie Stevens | Stop the Wedding --director--> Anne Wheeler | Leslie Stevens --date of birth--> February 3, 1924 | Anne Wheeler --date of birth--> September 23, 1946",match,match,match,match,3,0,0,True,high,False,"strict_chain_reviewer=match: At least one gold evidence entity is missing from the saved KG. || support_sufficiency_reviewer=match: The full context contains the support, but the saved KG misses at least one gold entity. || conservative_meta_reviewer=match: Missing gold entities coincide with incomplete gold-pair coverage."
2wiki,60,5eb334660bdd11eba7f7acde48001122,compositional,What is the place of birth of the director of film Six Months Of Life?,Mexican,Mexico,0.0,0.0,missing_entities,False,0.6666666666666666,0.5,0.0,False,False,1.0,1.0,Six Months of Life | Víctor Urruchúa,Mexican,Six Months of Life --director--> Víctor Urruchúa | Víctor Urruchúa --place of birth--> Mexican,match,match,match,match,3,0,0,True,high,False,"strict_chain_reviewer=match: At least one gold evidence entity is missing from the saved KG. || support_sufficiency_reviewer=match: The full context contains the support, but the saved KG misses at least one gold entity. || conservative_meta_reviewer=match: Missing gold entities coincide with incomplete gold-pair coverage."
2wiki,61,61c4c7c008de11ebbd9eac1f6bf848b6,bridge_comparison,"Which film has the director died later, Romeo, Juliet And Darkness or I Can Explain?","Romeo, Juliet And Darkness","Romeo, Juliet And Darkness",1.0,1.0,missing_entities,False,0.7142857142857143,0.5,0.0,False,False,1.0,1.0,"George D. Baker | I Can Explain | Jiří Weiss | Romeo, Juliet And Darkness | Romeo, Juliet and Darkness","9 April 2004 | June 2, 1933","Romeo, Juliet and Darkness --director--> Jiří Weiss | I Can Explain --director--> George D. Baker | Jiří Weiss --date of death--> 9 April 2004 | George D. Baker --date of death--> June 2, 1933",match,match,match,match,3,0,0,True,high,False,"strict_chain_reviewer=match: At least one gold evidence entity is missing from the saved KG. || support_sufficiency_reviewer=match: The full context contains the support, but the saved KG misses at least one gold entity. || conservative_meta_reviewer=match: Missing gold entities coincide with incomplete gold-pair coverage."
2wiki,62,6db45b3208bf11ebbd8aac1f6bf848b6,bridge_comparison,"Which film whose director is younger, Return Of The Hero or Home In Indiana?",Return Of The Hero,Return Of The Hero,1.0,1.0,missing_entities,False,0.8571428571428571,0.75,0.0,False,False,1.0,1.0,18 February 1967 | Henry Hathaway | Home in Indiana | Laurent Tirard | Return Of The Hero | Return of the Hero,"March 13, 1898","Return of the Hero --director--> Laurent Tirard | Home in Indiana --director--> Henry Hathaway | Laurent Tirard --date of birth--> 18 February 1967 | Henry Hathaway --date of birth--> March 13, 1898",match,match,match,match,3,0,0,True,high,False,"strict_chain_reviewer=match: At least one gold evidence entity is missing from the saved KG. || support_sufficiency_reviewer=match: The full context contains the support, but the saved KG misses at least one gold entity. || conservative_meta_reviewer=match: Missing gold entities coincide with incomplete gold-pair coverage."
2wiki,63,7b33f605088411ebbd6dac1f6bf848b6,bridge_comparison,"Which film has the director died later, Taipei Story or The Ballad Of Cossack Golota?",Taipei Story,Taipei Story,1.0,1.0,missing_entities,False,0.8333333333333334,0.5,0.0,False,False,1.0,1.0,14 December 1950 | Edward Yang | Igor Savchenko | Taipei Story | The Ballad of Cossack Golota,"June 29, 2007","Taipei Story --director--> Edward Yang | The Ballad of Cossack Golota --director--> Igor Savchenko | Edward Yang --date of death--> June 29, 2007 | Igor Savchenko --date of death--> 14 December 1950",match,match,match,match,3,0,0,True,high,False,"strict_chain_reviewer=match: At least one gold evidence entity is missing from the saved KG. || support_sufficiency_reviewer=match: The full context contains the support, but the saved KG misses at least one gold entity. || conservative_meta_reviewer=match: Missing gold entities coincide with incomplete gold-pair coverage."
2wiki,64,84d526bd088711ebbd6dac1f6bf848b6,bridge_comparison,Do both films The Dust Of Naples and Col Cuore In Gola have the directors that share the same nationality?,yes,yes,1.0,1.0,missing_entities,False,0.5714285714285714,0.5,0.0,False,False,1.0,0.7142857142857143,Antonio Capuano | Col cuore in gola | The Dust of Naples | Tinto Brass,Antonio Capuano (director) | Italian | yes,The Dust of Naples --director--> Antonio Capuano | Col cuore in gola --director--> Tinto Brass | Antonio Capuano (director) --country of citizenship--> Italian | Tinto Brass --country of citizenship--> Italian,match,ambiguous,match,match,2,0,1,True,medium,True,"strict_chain_reviewer=match: At least one gold evidence entity is missing from the saved KG. || support_sufficiency_reviewer=ambiguous: Reader-visible support is incomplete, so the missing-entity diagnosis cannot be isolated to the KG. || conservative_meta_reviewer=match: Missing gold entities coincide with incomplete gold-pair coverage."
2wiki,65,885ba7220bdc11eba7f7acde48001122,compositional,Where was the father of Eugene Fubini born?,Venice,Venice,1.0,1.0,missing_entities,False,1.0,0.5,0.0,False,True,1.0,1.0,Dr. Eugene G. Fubini | Guido Fubini | Venice,,Dr. Eugene G. Fubini --father--> Guido Fubini | Guido Fubini --place of birth--> Venice,mismatch,mismatch,ambiguous,mismatch,0,2,1,False,medium,True,"strict_chain_reviewer=mismatch: Gold evidence entities are covered, so a missing-entity label is not supported by the gold proxy. || support_sufficiency_reviewer=mismatch: The saved KG covers gold entities despite the missing-entity label. || conservative_meta_reviewer=ambiguous: The label may reflect system-query entities rather than gold evidence entities."
2wiki,66,9078bc380baf11ebab90acde48001122,inference,"Who is Philibert I, Duke Of Savoy's mother-in-law?",Bona of Savoy,Bona of Savoy,1.0,1.0,missing_entities,False,0.6666666666666666,0.5,0.0,False,False,1.0,0.6666666666666666,Bianca Maria Sforza | Bona of Savoy,"Philibert I, Duke of Savoy","Philibert I, Duke of Savoy --spouse--> Bianca Maria Sforza | Bianca Maria Sforza --mother--> Bona of Savoy",match,ambiguous,match,match,2,0,1,True,medium,True,"strict_chain_reviewer=match: At least one gold evidence entity is missing from the saved KG. || support_sufficiency_reviewer=ambiguous: Reader-visible support is incomplete, so the missing-entity diagnosis cannot be isolated to the KG. || conservative_meta_reviewer=match: Missing gold entities coincide with incomplete gold-pair coverage."
2wiki,67,9564cd35089311ebbd75ac1f6bf848b6,comparison,"Do the movies Before The Streets and Buchanan Rides Alone, originate from the same country?",no,no,1.0,1.0,missing_entities,False,0.4,0.0,0.0,False,False,1.0,1.0,Before the Streets | Buchanan Rides Alone,American | Canadian | no,Before the Streets --country of origin--> Canadian | Buchanan Rides Alone --country of origin--> American,match,match,match,match,3,0,0,True,high,False,"strict_chain_reviewer=match: At least one gold evidence entity is missing from the saved KG. || support_sufficiency_reviewer=match: The full context contains the support, but the saved KG misses at least one gold entity. || conservative_meta_reviewer=match: Missing gold entities coincide with incomplete gold-pair coverage."
2wiki,68,a3939d3b08a111ebbd79ac1f6bf848b6,comparison,"Which film was released more recently, Girl Slaves Of Morgana Le Fay or Strawberry Shortcake: Rockaberry Roll?",Strawberry Shortcake: Rockaberry Roll,Strawberry Shortcake: Rockaberry Roll,1.0,1.0,missing_entities,False,0.5,0.0,0.0,False,False,1.0,1.0,Girl Slaves of Morgana Le Fay | Strawberry Shortcake: Rockaberry Roll,1971 | 2008,Girl Slaves of Morgana Le Fay --publication date--> 1971 | Strawberry Shortcake: Rockaberry Roll --publication date--> 2008,match,match,match,match,3,0,0,True,high,False,"strict_chain_reviewer=match: At least one gold evidence entity is missing from the saved KG. || support_sufficiency_reviewer=match: The full context contains the support, but the saved KG misses at least one gold entity. || conservative_meta_reviewer=match: Missing gold entities coincide with incomplete gold-pair coverage."
2wiki,69,b34f43d1087b11ebbd69ac1f6bf848b6,bridge_comparison,"Which film has the director who died later, Elle Boit Pas, Elle Fume Pas, Elle Drague Pas, Mais... Elle Cause ! or The Very Eye Of Night?","Elle Boit Pas, Elle Fume Pas, Elle Drague Pas, Mais... Elle Cause !","Elle Boit Pas, Elle Fume Pas, Elle Drague Pas, Mais... Elle Cause !",1.0,1.0,missing_entities,False,0.8571428571428571,0.5,0.0,False,False,1.0,1.0,"27 July 1985 | Elle Boit Pas, Elle Fume Pas, Elle Drague Pas, Mais... Elle Cause ! | Elle boit pas, elle fume pas, elle drague pas, mais... elle cause ! | Maya Deren | Michel Audiard | The Very Eye of Night","October 13, 1961","Elle boit pas, elle fume pas, elle drague pas, mais... elle cause ! --director--> Michel Audiard | The Very Eye of Night --director--> Maya Deren | Michel Audiard --date of death--> 27 July 1985 | Maya Deren --date of death--> October 13, 1961",match,match,match,match,3,0,0,True,high,False,"strict_chain_reviewer=match: At least one gold evidence entity is missing from the saved KG. || support_sufficiency_reviewer=match: The full context contains the support, but the saved KG misses at least one gold entity. || conservative_meta_reviewer=match: Missing gold entities coincide with incomplete gold-pair coverage."
2wiki,70,b4399e48089511ebbd75ac1f6bf848b6,bridge_comparison,"Which film has the director who died first, The Piper'S Price or The Blonde From Singapore?",The Piper'S Price,The Piper'S Price,1.0,1.0,missing_entities,False,0.75,0.75,0.0,False,False,1.0,0.8571428571428571,"Edward Dmytryk | Joe De Grasse | July 1, 1999 | The Blonde from Singapore | The Piper'S Price | The Piper's Price","Joseph De Grasse | May 25, 1940","The Piper's Price --director--> Joe De Grasse | The Blonde from Singapore --director--> Edward Dmytryk | Joseph De Grasse --date of death--> May 25, 1940 | Edward Dmytryk --date of death--> July 1, 1999",match,ambiguous,match,match,2,0,1,True,medium,True,"strict_chain_reviewer=match: At least one gold evidence entity is missing from the saved KG. || support_sufficiency_reviewer=ambiguous: Reader-visible support is incomplete, so the missing-entity diagnosis cannot be isolated to the KG. || conservative_meta_reviewer=match: Missing gold entities coincide with incomplete gold-pair coverage."
2wiki,71,b77d6f620bdd11eba7f7acde48001122,compositional,Which country Prince Mircea Of Romania's father is from?,Germany,Romania,0.0,0.0,missing_entities,False,0.75,0.0,0.0,False,False,1.0,1.0,Ferdinand I of Romania | Ferdinand of Romania | Prince Mircea of Romania,Germany,Prince Mircea of Romania --father--> Ferdinand of Romania | Ferdinand I of Romania --country of citizenship--> Germany,match,match,match,match,3,0,0,True,high,False,"strict_chain_reviewer=match: At least one gold evidence entity is missing from the saved KG. || support_sufficiency_reviewer=match: The full context contains the support, but the saved KG misses at least one gold entity. || conservative_meta_reviewer=match: Missing gold entities coincide with incomplete gold-pair coverage."
2wiki,72,c4dfdd5608aa11ebbd80ac1f6bf848b6,bridge_comparison,"Which film has the director who was born later, The Voice Of My City or The Rental?",The Rental,The Rental,1.0,1.0,missing_entities,False,0.8333333333333334,0.5,0.0,False,False,1.0,1.0,"Dave Franco | June 12, 1985 | The Rental | The Voice of My City | Tulio Demicheli","August 15, 1914","The Voice of My City --director--> Tulio Demicheli | The Rental --director--> Dave Franco | Tulio Demicheli --date of birth--> August 15, 1914 | Dave Franco --date of birth--> June 12, 1985",match,match,match,match,3,0,0,True,high,False,"strict_chain_reviewer=match: At least one gold evidence entity is missing from the saved KG. || support_sufficiency_reviewer=match: The full context contains the support, but the saved KG misses at least one gold entity. || conservative_meta_reviewer=match: Missing gold entities coincide with incomplete gold-pair coverage."
2wiki,73,c8edf21008d811ebbd9cac1f6bf848b6,bridge_comparison,Do both directors of films The Curse Of Iku and Cops And Robbers (1973 Film) have the same nationality?,yes,yes,1.0,1.0,missing_entities,False,0.5,0.25,0.0,False,False,1.0,0.6666666666666666,Aram Avakian | Frank Borzage | The Curse of Iku,American | Cops and Robbers (1973 film) | yes,The Curse of Iku --director--> Frank Borzage | Cops and Robbers (1973 film) --director--> Aram Avakian | Frank Borzage --country of citizenship--> American | Aram Avakian --country of citizenship--> American,match,ambiguous,match,match,2,0,1,True,medium,True,"strict_chain_reviewer=match: At least one gold evidence entity is missing from the saved KG. || support_sufficiency_reviewer=ambiguous: Reader-visible support is incomplete, so the missing-entity diagnosis cannot be isolated to the KG. || conservative_meta_reviewer=match: Missing gold entities coincide with incomplete gold-pair coverage."
2wiki,74,dd41d993086b11ebbd60ac1f6bf848b6,bridge_comparison,"Which film has the director died earlier, L'Arbre, Le Maire Et La Médiathèque or Sette Giorni All'Altro Mondo?",Sette Giorni All'Altro Mondo,Sette Giorni All'Altro Mondo,1.0,1.0,missing_entities,False,0.42857142857142855,0.25,0.0,False,False,1.0,0.8333333333333334,11 January 2010 | Mario Mattoli | Éric Rohmer,"26 February 1980 | L'Arbre, le maire et la médiathèque | Sette Giorni All'Altro Mondo | Sette giorni all'altro mondo","L'Arbre, le maire et la médiathèque --director--> Éric Rohmer | Sette giorni all'altro mondo --director--> Mario Mattoli | Éric Rohmer --date of death--> 11 January 2010 | Mario Mattoli --date of death--> 26 February 1980",match,ambiguous,match,match,2,0,1,True,medium,True,"strict_chain_reviewer=match: At least one gold evidence entity is missing from the saved KG. || support_sufficiency_reviewer=ambiguous: Reader-visible support is incomplete, so the missing-entity diagnosis cannot be isolated to the KG. || conservative_meta_reviewer=match: Missing gold entities coincide with incomplete gold-pair coverage."
2wiki,75,e0681b8c0bda11eba7f7acde48001122,compositional,When was the director of film I Want Someone To Eat Cheese With born?,"June 5, 1962","June 5, 1962",1.0,1.0,missing_entities,False,1.0,0.5,0.0,False,False,1.0,1.0,"I Want Someone to Eat Cheese With | Jeff Garlin | June 5, 1962",,"I Want Someone to Eat Cheese With --director--> Jeff Garlin | Jeff Garlin --date of birth--> June 5, 1962",mismatch,mismatch,ambiguous,mismatch,0,2,1,False,medium,True,"strict_chain_reviewer=mismatch: Gold evidence entities are covered, so a missing-entity label is not supported by the gold proxy. || support_sufficiency_reviewer=mismatch: The saved KG covers gold entities despite the missing-entity label. || conservative_meta_reviewer=ambiguous: The label may reflect system-query entities rather than gold evidence entities."
2wiki,76,ef5046be0bae11ebab90acde48001122,inference,"Who is the paternal grandmother of Edward Despenser, 1St Baron Despenser?",Eleanor de Clare,"“Edward le Despenser, 1st Baron Des",0.0,0.0,missing_entities,False,1.0,0.5,0.0,False,True,1.0,1.0,Edward le Despenser | Eleanor de Clare,,Edward le Despenser --father--> Edward le Despenser | Edward le Despenser --mother--> Eleanor de Clare,mismatch,mismatch,ambiguous,mismatch,0,2,1,False,medium,True,"strict_chain_reviewer=mismatch: Gold evidence entities are covered, so a missing-entity label is not supported by the gold proxy. || support_sufficiency_reviewer=mismatch: The saved KG covers gold entities despite the missing-entity label. || conservative_meta_reviewer=ambiguous: The label may reflect system-query entities rather than gold evidence entities."
2wiki,77,f66aecd208bc11ebbd89ac1f6bf848b6,bridge_comparison,Do both films Masters Of The Sea (Film) and The Auction Mart have the directors from the same country?,yes,no,0.0,0.0,missing_entities,False,0.625,0.4,0.0,False,False,1.0,0.625,Alexander Korda | Duncan McRae | Hungary | Masters of the Sea (film) | The Auction Mart,British | Duncan McRae (actor) | yes,Masters of the Sea (film) --director--> Alexander Korda | The Auction Mart --director--> Duncan McRae | Alexander Korda --country of citizenship--> British | Alexander Korda --country of citizenship--> Hungary | Duncan McRae (actor) --country of citizenship--> British,match,ambiguous,match,match,2,0,1,True,medium,True,"strict_chain_reviewer=match: At least one gold evidence entity is missing from the saved KG. || support_sufficiency_reviewer=ambiguous: Reader-visible support is incomplete, so the missing-entity diagnosis cannot be isolated to the KG. || conservative_meta_reviewer=match: Missing gold entities coincide with incomplete gold-pair coverage."
2wiki,78,f8819f3308a011ebbd78ac1f6bf848b6,bridge_comparison,"Which film has the director who died later, The Death Kiss or Her Luck In London?",Her Luck In London,Her Luck In London,1.0,1.0,missing_entities,False,0.7142857142857143,0.5,0.0,False,False,1.0,1.0,Edwin L. Marin | Her Luck In London | Her Luck in London | Maurice Elvey | The Death Kiss,"28 August 1967 | May 2, 1951","The Death Kiss --director--> Edwin L. Marin | Her Luck in London --director--> Maurice Elvey | Edwin L. Marin --date of death--> May 2, 1951 | Maurice Elvey --date of death--> 28 August 1967",match,match,match,match,3,0,0,True,high,False,"strict_chain_reviewer=match: At least one gold evidence entity is missing from the saved KG. || support_sufficiency_reviewer=match: The full context contains the support, but the saved KG misses at least one gold entity. || conservative_meta_reviewer=match: Missing gold entities coincide with incomplete gold-pair coverage."
2wiki,79,fcc41df80bda11eba7f7acde48001122,compositional,What is the place of birth of the composer of film Men With Brooms?,Calgary,"Calgary, Alberta",0.0,0.6667,missing_entities,False,0.6666666666666666,0.5,0.0,False,False,1.0,1.0,Men with Brooms | Paul Gross,Calgary,Men with Brooms --composer--> Paul Gross | Paul Gross --place of birth--> Calgary,match,match,match,match,3,0,0,True,high,False,"strict_chain_reviewer=match: At least one gold evidence entity is missing from the saved KG. || support_sufficiency_reviewer=match: The full context contains the support, but the saved KG misses at least one gold entity. || conservative_meta_reviewer=match: Missing gold entities coincide with incomplete gold-pair coverage."
2wiki,80,ff2926840bd911eba7f7acde48001122,compositional,Who is the father of the director of film The Thousand Faces Of Dunjia?,Yuen Siu-tien,Yuen Siu-tien,1.0,1.0,missing_entities,False,1.0,1.0,0.0,True,True,1.0,1.0,The Thousand Faces of Dunjia | Yuen Siu-tien | Yuen Woo-ping,,The Thousand Faces of Dunjia --director--> Yuen Woo-ping | Yuen Woo-ping --father--> Yuen Siu-tien,mismatch,mismatch,ambiguous,mismatch,0,2,1,False,medium,True,"strict_chain_reviewer=mismatch: Gold evidence entities are covered, so a missing-entity label is not supported by the gold proxy. || support_sufficiency_reviewer=mismatch: The saved KG covers gold entities despite the missing-entity label. || conservative_meta_reviewer=ambiguous: The label may reflect system-query entities rather than gold evidence entities."
2wiki,81,060cb332087711ebbd67ac1f6bf848b6,comparison,"Who is younger, Empress Xiaoshurui or Goran Veselinovski?",Goran Veselinovski,Goran Veselinovski,1.0,1.0,short_chain,False,1.0,1.0,0.5,True,False,1.0,1.0,"2 October 1760 | Empress Xiaoshurui | Goran Veselinovski | September 2, 1975",,"Empress Xiaoshurui --date of birth--> 2 October 1760 | Goran Veselinovski --date of birth--> September 2, 1975",mismatch,mismatch,ambiguous,mismatch,0,2,1,False,medium,True,"strict_chain_reviewer=mismatch: The gold proxy does not show a partial gold-evidence chain. || support_sufficiency_reviewer=mismatch: The support proxy does not show a partial chain. || conservative_meta_reviewer=ambiguous: The chain-length signal is structural, but the gold proxy does not cleanly isolate a short chain."
2wiki,82,0bad718c0bb011ebab90acde48001122,inference,Who is the paternal grandfather of Margaret Drummond (Mistress)?,Sir Malcolm Drummond of Cargill,Sir Malcolm Drummond,0.0,0.75,short_chain,False,1.0,0.0,0.0,False,False,1.0,1.0,John Drummond | Margaret Drummond | Sir Malcolm Drummond of Cargill,,Margaret Drummond --father--> John Drummond | John Drummond --father--> Sir Malcolm Drummond of Cargill,mismatch,mismatch,ambiguous,mismatch,0,2,1,False,medium,True,"strict_chain_reviewer=mismatch: The gold proxy does not show a partial gold-evidence chain. || support_sufficiency_reviewer=mismatch: The support proxy does not show a partial chain. || conservative_meta_reviewer=ambiguous: The chain-length signal is structural, but the gold proxy does not cleanly isolate a short chain."
2wiki,83,1ca3370c0bdc11eba7f7acde48001122,compositional,What nationality is the performer of song Gone Fishin' (Song)?,America,American,0.0,0.0,short_chain,False,0.6666666666666666,0.0,0.0,False,False,1.0,1.0,Bing Crosby | Gone Fishin',America,Gone Fishin' --performer--> Bing Crosby | Bing Crosby --country of citizenship--> America,mismatch,mismatch,ambiguous,mismatch,0,2,1,False,medium,True,"strict_chain_reviewer=mismatch: The gold proxy does not show a partial gold-evidence chain. || support_sufficiency_reviewer=mismatch: The support proxy does not show a partial chain. || conservative_meta_reviewer=ambiguous: The chain-length signal is structural, but the gold proxy does not cleanly isolate a short chain."
2wiki,84,3ad797c60bdd11eba7f7acde48001122,compositional,What nationality is the director of film Agent X44?,Philippines,Filipino,0.0,0.0,short_chain,False,0.75,0.5,0.0,False,False,1.0,1.0,Agent X44 | Joyce Bernal | Joyce E. Bernal,Philippines,Agent X44 --director--> Joyce Bernal | Joyce E. Bernal --country of citizenship--> Philippines,match,match,match,match,3,0,0,True,high,False,strict_chain_reviewer=match: The KG covers only part of the gold evidence pairs. || support_sufficiency_reviewer=match: Some gold evidence pairs are present but the chain is incomplete. || conservative_meta_reviewer=match: Partial gold-pair coverage supports a short-chain diagnosis.
2wiki,85,40b3f66a08cb11ebbd92ac1f6bf848b6,comparison,"Which film was released more recently, Fine Dead Girls or Venussian Tabutasco?",Venussian Tabutasco,Venussian Tabutasco,1.0,1.0,short_chain,False,0.75,0.5,0.0,False,False,1.0,1.0,2004 | Fine Dead Girls | Venussian Tabutasco,2002,Fine Dead Girls --publication date--> 2002 | Venussian Tabutasco --publication date--> 2004,match,match,match,match,3,0,0,True,high,False,strict_chain_reviewer=match: The KG covers only part of the gold evidence pairs. || support_sufficiency_reviewer=match: Some gold evidence pairs are present but the chain is incomplete. || conservative_meta_reviewer=match: Partial gold-pair coverage supports a short-chain diagnosis.
2wiki,86,6b0a2728087811ebbd67ac1f6bf848b6,comparison,"Who is younger, Zhang Lifang or Lalengzama Vangchhia?",Lalengzama Vangchhia,Lalengzama Vangchhia,1.0,1.0,short_chain,False,1.0,1.0,0.0,True,False,1.0,1.0,"12 November 1999 | January 3, 1982 | Lalengzama Vangchhia | Zhang Lifang",,"Zhang Lifang --date of birth--> January 3, 1982 | Lalengzama Vangchhia --date of birth--> 12 November 1999",mismatch,mismatch,ambiguous,mismatch,0,2,1,False,medium,True,"strict_chain_reviewer=mismatch: The gold proxy does not show a partial gold-evidence chain. || support_sufficiency_reviewer=mismatch: The support proxy does not show a partial chain. || conservative_meta_reviewer=ambiguous: The chain-length signal is structural, but the gold proxy does not cleanly isolate a short chain."
2wiki,87,75a4468108ca11ebbd92ac1f6bf848b6,comparison,"Who was born later, John Milton Mackie or Marion Gray?",Marion Gray,Marion Gray,1.0,1.0,short_chain,False,0.5,0.0,0.0,False,False,1.0,1.0,John Milton Mackie | Marion Gray,"19 December 1813 | September 14, 1934","John Milton Mackie --date of birth--> 19 December 1813 | Marion Gray --date of birth--> September 14, 1934",mismatch,mismatch,ambiguous,mismatch,0,2,1,False,medium,True,"strict_chain_reviewer=mismatch: The gold proxy does not show a partial gold-evidence chain. || support_sufficiency_reviewer=mismatch: The support proxy does not show a partial chain. || conservative_meta_reviewer=ambiguous: The chain-length signal is structural, but the gold proxy does not cleanly isolate a short chain."
2wiki,88,87ceaacc0bda11eba7f7acde48001122,compositional,What is the place of birth of Zhu Gaoxu's father?,Nanjing,Unknown,0.0,0.0,short_chain,False,1.0,0.5,0.0,False,False,1.0,1.0,Nanjing | Yongle | Yongle Emperor | Zhu Gaoxu,,Zhu Gaoxu --father--> Yongle Emperor | Yongle --place of birth--> Nanjing,match,match,match,match,3,0,0,True,high,False,strict_chain_reviewer=match: The KG covers only part of the gold evidence pairs. || support_sufficiency_reviewer=match: Some gold evidence pairs are present but the chain is incomplete. || conservative_meta_reviewer=match: Partial gold-pair coverage supports a short-chain diagnosis.
2wiki,89,8f4637ae0bdd11eba7f7acde48001122,compositional,Why did Edward Despenser (Died 1342)'s father die?,"hanged, drawn and quartered",Executed for treason,0.0,0.0,short_chain,False,0.3333333333333333,0.0,0.0,False,False,1.0,1.0,Edward le Despenser,"Hugh le Despenser | hanged, drawn and quartered","Edward le Despenser --father--> Hugh le Despenser | Hugh le Despenser --cause of death--> hanged, drawn and quartered",mismatch,mismatch,ambiguous,mismatch,0,2,1,False,medium,True,"strict_chain_reviewer=mismatch: The gold proxy does not show a partial gold-evidence chain. || support_sufficiency_reviewer=mismatch: The support proxy does not show a partial chain. || conservative_meta_reviewer=ambiguous: The chain-length signal is structural, but the gold proxy does not cleanly isolate a short chain."
2wiki,90,955eafcc089f11ebbd78ac1f6bf848b6,comparison,"Who lived longer, Octavius Hammond or Curumsey Damjee?",Curumsey Damjee,Curumsey Damjee,1.0,1.0,short_chain,False,0.6666666666666666,0.5,0.0,False,False,1.0,1.0,1844 | 1918 | Curumsey Damjee | Octavius Hammond,19 March 1835 | 22 August 1908,Octavius Hammond --date of birth--> 19 March 1835 | Octavius Hammond --date of death--> 22 August 1908 | Curumsey Damjee --date of birth--> 1844 | Curumsey Damjee --date of death--> 1918,match,match,match,match,3,0,0,True,high,False,strict_chain_reviewer=match: The KG covers only part of the gold evidence pairs. || support_sufficiency_reviewer=match: Some gold evidence pairs are present but the chain is incomplete. || conservative_meta_reviewer=match: Partial gold-pair coverage supports a short-chain diagnosis.
2wiki,91,95f1b1b6087511ebbd67ac1f6bf848b6,bridge_comparison,"Which film whose director is younger, A Night'S Adventure or Insaciable?",Insaciable,Insaciable,1.0,1.0,short_chain,False,1.0,0.75,0.0,False,True,1.0,1.0,12 July 1892 | 3 May 1914 | A Night's Adventure | Armando Bo | Armando Bó | Harry Piel | Insaciable,,A Night's Adventure --director--> Harry Piel | Insaciable --director--> Armando Bo | Harry Piel --date of birth--> 12 July 1892 | Armando Bó --date of birth--> 3 May 1914,match,match,match,match,3,0,0,True,high,False,strict_chain_reviewer=match: The KG covers only part of the gold evidence pairs. || support_sufficiency_reviewer=match: Some gold evidence pairs are present but the chain is incomplete. || conservative_meta_reviewer=match: Partial gold-pair coverage supports a short-chain diagnosis.
2wiki,92,9bdf51ee0bdd11eba7f7acde48001122,compositional,Where was the father of Daniel Carasso born?,Salonica,Ottoman Salonica,0.0,0.6667,short_chain,False,0.6666666666666666,0.5,0.5,False,False,1.0,1.0,Daniel Carasso | Isaac Carasso,Salonica,Daniel Carasso --father--> Isaac Carasso | Isaac Carasso --place of birth--> Salonica,match,match,match,match,3,0,0,True,high,False,strict_chain_reviewer=match: The KG covers only part of the gold evidence pairs. || support_sufficiency_reviewer=match: Some gold evidence pairs are present but the chain is incomplete. || conservative_meta_reviewer=match: Partial gold-pair coverage supports a short-chain diagnosis.
2wiki,93,9f00dfe2089411ebbd75ac1f6bf848b6,comparison,"Who was born later, Paolo Marcellini or Dean Evans?",Dean Evans,Dean Evans,1.0,1.0,short_chain,False,1.0,1.0,0.0,True,False,1.0,1.0,"7 March 1990 | Dean Evans | June 25, 1947 | Paolo Marcellini",,"Paolo Marcellini --date of birth--> June 25, 1947 | Dean Evans --date of birth--> 7 March 1990",mismatch,mismatch,ambiguous,mismatch,0,2,1,False,medium,True,"strict_chain_reviewer=mismatch: The gold proxy does not show a partial gold-evidence chain. || support_sufficiency_reviewer=mismatch: The support proxy does not show a partial chain. || conservative_meta_reviewer=ambiguous: The chain-length signal is structural, but the gold proxy does not cleanly isolate a short chain."
2wiki,94,a638412a0bdb11eba7f7acde48001122,compositional,Where did the director of film Carbon (Film) study?,Film and Television Institute of India,Pune,0.0,0.0,short_chain,False,1.0,1.0,0.0,True,True,1.0,1.0,Carbon | Film and Television Institute of India | Venu,,Carbon --director--> Venu | Venu --educated at--> Film and Television Institute of India,mismatch,mismatch,ambiguous,mismatch,0,2,1,False,medium,True,"strict_chain_reviewer=mismatch: The gold proxy does not show a partial gold-evidence chain. || support_sufficiency_reviewer=mismatch: The support proxy does not show a partial chain. || conservative_meta_reviewer=ambiguous: The chain-length signal is structural, but the gold proxy does not cleanly isolate a short chain."
2wiki,95,ab94845c0baf11ebab90acde48001122,inference,Who is Wisigard's father-in-law?,Theuderic I,Theuderic I,1.0,1.0,short_chain,False,1.0,1.0,0.0,True,True,1.0,1.0,Theudebert I | Theuderic I | Wisigard,,Wisigard --spouse--> Theudebert I | Theudebert I --father--> Theuderic I,mismatch,mismatch,ambiguous,mismatch,0,2,1,False,medium,True,"strict_chain_reviewer=mismatch: The gold proxy does not show a partial gold-evidence chain. || support_sufficiency_reviewer=mismatch: The support proxy does not show a partial chain. || conservative_meta_reviewer=ambiguous: The chain-length signal is structural, but the gold proxy does not cleanly isolate a short chain."
2wiki,96,bf847e1a086511ebbd5eac1f6bf848b6,comparison,"Who was born later, Tyreek Burwell or Eric Boulton?",Tyreek Burwell,Tyreek Burwell,1.0,1.0,short_chain,False,1.0,1.0,0.0,True,False,1.0,1.0,"August 17, 1976 | Eric Boulton | March 11, 1992 | Tyreek Burwell",,"Tyreek Burwell --date of birth--> March 11, 1992 | Eric Boulton --date of birth--> August 17, 1976",mismatch,mismatch,ambiguous,mismatch,0,2,1,False,medium,True,"strict_chain_reviewer=mismatch: The gold proxy does not show a partial gold-evidence chain. || support_sufficiency_reviewer=mismatch: The support proxy does not show a partial chain. || conservative_meta_reviewer=ambiguous: The chain-length signal is structural, but the gold proxy does not cleanly isolate a short chain."
2wiki,97,d43c730a086d11ebbd62ac1f6bf848b6,comparison,"Which film was released more recently, The Silver Trail or Raja Nandini?",Raja Nandini,Raja Nandini,1.0,1.0,short_chain,False,0.5,0.0,0.0,False,False,1.0,1.0,Raja Nandini | The Silver Trail,1937 | 1958,The Silver Trail --publication date--> 1937 | Raja Nandini --publication date--> 1958,mismatch,mismatch,ambiguous,mismatch,0,2,1,False,medium,True,"strict_chain_reviewer=mismatch: The gold proxy does not show a partial gold-evidence chain. || support_sufficiency_reviewer=mismatch: The support proxy does not show a partial chain. || conservative_meta_reviewer=ambiguous: The chain-length signal is structural, but the gold proxy does not cleanly isolate a short chain."
2wiki,98,d43fc51008da11ebbd9cac1f6bf848b6,comparison,"Who was born later, Federico Martín Aramburú or Aleksey Tarakanov?",Aleksey Tarakanov,Aleksey Tarakanov,1.0,1.0,short_chain,False,1.0,1.0,0.0,True,False,1.0,1.0,"26 March 1996 | Aleksey Tarakanov | Federico Martín Aramburú | January 20, 1980",,"Federico Martín Aramburú --date of birth--> January 20, 1980 | Aleksey Tarakanov --date of birth--> 26 March 1996",mismatch,mismatch,ambiguous,mismatch,0,2,1,False,medium,True,"strict_chain_reviewer=mismatch: The gold proxy does not show a partial gold-evidence chain. || support_sufficiency_reviewer=mismatch: The support proxy does not show a partial chain. || conservative_meta_reviewer=ambiguous: The chain-length signal is structural, but the gold proxy does not cleanly isolate a short chain."
2wiki,99,e3477e760bdd11eba7f7acde48001122,compositional,Where was the place of death of the founder of Western Auto?,California,"Kansas City, Missouri",0.0,0.0,short_chain,False,1.0,0.5,0.0,False,True,1.0,1.0,California | George Pepperdine | Western Auto,,Western Auto --founded by--> George Pepperdine | George Pepperdine --place of death--> California,match,match,match,match,3,0,0,True,high,False,strict_chain_reviewer=match: The KG covers only part of the gold evidence pairs. || support_sufficiency_reviewer=match: Some gold evidence pairs are present but the chain is incomplete. || conservative_meta_reviewer=match: Partial gold-pair coverage supports a short-chain diagnosis.
2wiki,100,f1a04d600bdb11eba7f7acde48001122,compositional,What is the place of birth of the director of film Dollar (1938 Film)?,Helsingfors,Helsingfors,1.0,1.0,short_chain,False,1.0,0.5,0.0,False,True,1.0,1.0,Dollar | Gustaf Molander | Helsingfors,,Dollar --director--> Gustaf Molander | Gustaf Molander --place of birth--> Helsingfors,match,match,match,match,3,0,0,True,high,False,strict_chain_reviewer=match: The KG covers only part of the gold evidence pairs. || support_sufficiency_reviewer=match: Some gold evidence pairs are present but the chain is incomplete. || conservative_meta_reviewer=match: Partial gold-pair coverage supports a short-chain diagnosis.
